DISTANCE,TIME
0.025,17.835
0.02,7.631666667
0.0175,3.363333333
0.015,1.683333333
0.0125,0.7666666667
0.01,0.29
0.0075,0.1083333333
0.005,0.03666666667
0,0