,TIME,DISTANCE
0,0.0,0.5
1,0.2,0.40937
2,0.4,0.33516
3,0.6,0.27441
4,0.8,0.22466
5,1.0,0.18394
