,TIME,DISTANCE
0,0.0,0.5
1,0.2,0.41937
2,0.4,0.34516
3,0.6,0.26441
4,0.8,0.23466
5,1.0,0.17394
